<?xml version="1.0" encoding="UTF-8"?>
<beans xmlns="http://www.springframework.org/schema/beans"
	xmlns:xsi="http://www.w3.org/2001/XMLSchema-instance"
	xsi:schemaLocation="http://www.springframework.org/schema/beans
        https://www.springframework.org/schema/beans/spring-beans.xsd">

	<bean id="address" class="com.mindgate.pojo.Address">
		<constructor-arg name="buildingName"
			value="Mount Manor"></constructor-arg>
		<constructor-arg name="street" value="SIDCO Street"></constructor-arg>
		<constructor-arg name="city" value="Chennai"></constructor-arg>
		<constructor-arg name="pin" value="400012"></constructor-arg>
	</bean>

	<bean id="employee" class="com.mindgate.pojo.Employee">
		<!-- Setter Injection -->
		<!-- <property name="homeAddress" ref="address"></property> -->

		<!-- Constructor Injection -->
		<constructor-arg name="employeeId" value="101"></constructor-arg>
		<constructor-arg name="name" value="Test"></constructor-arg>
		<constructor-arg name="salary" value="1110.0"></constructor-arg>
		<constructor-arg name="homeAddress" ref="address"></constructor-arg>
	</bean>


</beans>